time stamp,Domain tested,percent http2,percent http1.1
2021-06-28 04:12:15.0335876 -0500 CDT m=+20.881418801,299,76.588631,93.311035
