time stamp,Domain tested,percent http2,percent http1.1
2021-06-27 13:45:09.5945421 -0500 CDT m=+20.149363901,299,77.257523,94.314377
